origin_date,target_date,monitored_cells,actual_fires,hits,false_alarms,misses,precision,recall,f1_score,active_events
2024-02-15,2024-02-16,61,36,1,43,0,0.0227,1.0,0.0444,15
2024-02-28,2024-02-29,47,32,2,32,0,0.0588,1.0,0.1111,15
2024-03-10,2024-03-11,76,49,1,55,1,0.0179,0.5,0.0345,15
2024-03-20,2024-03-21,59,19,0,28,0,0.0,0.0,0.0,15
2024-03-30,2024-03-31,98,48,1,81,0,0.0122,1.0,0.0241,15
2024-04-10,2024-04-11,105,21,0,78,0,0.0,0.0,0.0,15
2024-04-20,2024-04-21,134,38,2,115,3,0.0171,0.4,0.0328,15
2024-04-30,2024-05-01,124,98,0,106,0,0.0,0.0,0.0,15
2024-05-10,2024-05-11,63,25,1,44,0,0.0222,1.0,0.0435,15
2024-05-25,2024-05-26,55,18,2,30,0,0.0625,1.0,0.1176,15
2025-02-15,2025-02-16,69,44,4,57,0,0.0656,1.0,0.1231,15
2025-02-28,2025-03-01,79,50,0,75,0,0.0,0.0,0.0,15
2025-03-10,2025-03-11,142,78,4,106,2,0.0364,0.6667,0.069,15
2025-03-20,2025-03-21,143,52,5,122,0,0.0394,1.0,0.0758,15
2025-03-30,2025-03-31,194,111,3,182,0,0.0162,1.0,0.0319,15
2025-04-10,2025-04-11,111,48,1,88,0,0.0112,1.0,0.0222,15
2025-04-20,2025-04-21,101,60,2,79,1,0.0247,0.6667,0.0476,15
2025-04-30,2025-05-01,83,46,1,63,0,0.0156,1.0,0.0308,15
2025-05-10,2025-05-11,54,33,2,40,0,0.0476,1.0,0.0909,15
2025-05-25,2025-05-26,33,5,0,8,0,0.0,0.0,0.0,5
