held_out_region,model_id,feature_count,n_train,n_test,test_fire_rate,accuracy,f1,roc_auc,pr_auc,brier_score,ece
CENTRAL,HGB_31_Baseline,31,71199,47397,0.5,0.5572,0.629,0.5834,0.5595,0.2442,0.0211
CENTRAL,LGBM_39_Multimodal,39,71199,47397,0.5,0.605,0.6309,0.6502,0.6288,0.2331,0.0223
WESTERN_GHATS,HGB_31_Baseline,31,100019,13475,0.4997,0.5377,0.5212,0.5565,0.536,0.2482,0.0249
WESTERN_GHATS,LGBM_39_Multimodal,39,100019,13475,0.4997,0.5918,0.5905,0.639,0.6167,0.2343,0.0154
NORTHEAST,HGB_31_Baseline,31,101220,12041,0.5,0.5526,0.4329,0.607,0.5705,0.242,0.0536
NORTHEAST,LGBM_39_Multimodal,39,101220,12041,0.5,0.5926,0.4976,0.6597,0.6257,0.2354,0.0729
NORTH,HGB_31_Baseline,31,94063,20497,0.5003,0.5522,0.5771,0.5811,0.5566,0.2448,0.0163
NORTH,LGBM_39_Multimodal,39,94063,20497,0.5003,0.5956,0.5416,0.6416,0.6204,0.2366,0.0475
EAST,HGB_31_Baseline,31,88026,27582,0.5004,0.5557,0.5729,0.5825,0.5685,0.2449,0.0209
EAST,LGBM_39_Multimodal,39,88026,27582,0.5004,0.5922,0.5507,0.6334,0.6278,0.2367,0.0256
NORTHWEST,HGB_31_Baseline,31,102947,10008,0.5005,0.5351,0.4999,0.5545,0.5379,0.2483,0.024
NORTHWEST,LGBM_39_Multimodal,39,102947,10008,0.5005,0.6046,0.6255,0.6507,0.633,0.2318,0.0132
