citation,year,country_domain,data_sources,target,modalities,model,forecast_horizon,spatial_validation,uncertainty,event_representation,limitations,difference_from_our_system
"Reddy et al. (Current Science)",2017,"India (National)","MODIS Hotspots, FSI Forest Cover","Historical Fire Frequency","Spatial / Geographic","Decadal Density / AHP","None (Static)","No (National Climatology)","No","No (Point frequency)","Purely historical descriptive analysis; no weather or predictive ML","Our system models fire occurrence using ERA5-Land multi-timescale meteorological features with rigorous temporal evaluation."
"Kale et al. (Environ Monit Assess)",2017,"India (Western Ghats)","MODIS Hotspots, Bioclimatic variables","Fire Susceptibility Mapping","Topography, Bioclimate","Maximum Entropy (MaxEnt)","None (Static)","Random cross-validation","No","No (Static points)","Static susceptibility cannot model day-to-day wildfire variations; vulnerable to spatial autocorrelation.","Our system evaluates on strictly chronological splits (2018-2022 train, 2023 val, 2024-2025 test) with multi-day atmospheric drying windows."
"Cortez & Morais (EPIA)",2007,"Portugal (Montesinho)","Local weather station, FWI indices","Burned Area (Continuous)","Weather (instantaneous)","SVM, Multiple Regression","Instantaneous / 0-step","Random k-fold CV","No","No (Isolated points)","Small local dataset (517 cases); highly zero-inflated; severe overfitting on coordinates.","We evaluate across sovereign India (131k points), cover 2018-2025, and use multi-timescale gradient boosting with feature ablations."
"Jain et al. (Environ. Rev.)",2020,"Global / North America","Review of 300+ Wildfire ML papers","Occurrence, Spread, Behavior","Literature Survey","Various (RF, ANN, SVM)","Mixed (0h to 24h)","Identified widespread spatial autocorrelation flaws","Rarely reported","Rarely implemented","Noted widespread lack of temporal leakage control and geographic overfitting in literature.","Directly implements Jain et al.'s recommendations: strict chronological temporal split, spatial block generalization, and class-imbalance-aware metrics."
"Radke et al. (AAAI - FireCast)",2019,"United States","MODIS, Landsat, Elevation, Weather","Short-horizon Fire Perimeter Progression","Satellite imagery, DEM, Weather","2D Convolutional Neural Network","Next-day (24h)","Temporal holdout","No","Yes (Perimeter patches)","Requires high-resolution continuous imagery not available over whole subcontinent; computationally prohibitive.","We provide a reproducible, lightweight tabular baseline framework across 131k India-wide cells executable on standard hardware."
"Huot et al. (NeurIPS / WildfireDB)",2022,"United States (CONUS)","VIIRS 375m, HRRR Weather","Wildfire Spread / Grid Occurrence","Weather, VIIRS, Topography","Deep Neural Networks, ConvLSTM","Multi-day forward (24h, 48h)","State-level holdout","No","Yes (Patch-level)","CONUS-specific HRRR model unavailable in South Asia; focus is on image segmentation patches.","We formulate India-wide occurrence modeling using globally accessible ERA5-Land reanalysis and FIRMS VIIRS telemetry with strict leakage policies."
"Andela et al. (Earth Syst. Sci. Data - Global Fire Atlas)",2019,"Global","MODIS Burned Area (MCD64A1 500m)","Historical Event Segmentation","Burned Area, Date of Detect","Spatiotemporal Clustering","None (Historical Reconstruction)","Global validation","No","Yes (Clustered Fire Events)","Retrospective global atlas without predictive machine learning modeling.","We evaluate predictive occurrence classification using multi-timescale antecedent meteorological features and controlled case-control sampling."
"Meyer et al. (Environ. Model. Softw.)",2018,"Europe / Global","Remote Sensing Environmental Covariates","Spatial Generalization","Spatial Covariates","Random Forest, Spatial CV","None","Area of Applicability (AOA)","Distance-to-support","No","Focuses solely on spatial mapping; does not model temporal meteorological variations.","We combine multi-timescale meteorological variables with spatial coordinates and evaluate both temporal and spatial generalization."
"Sharma et al. (Geocarto Int.)",2024,"India (Himalayan Foothills)","Sentinel-2, Landsat-8, Topography","Fire Susceptibility","Multispectral indices, DEM","XGBoost, Random Forest","None (Static)","70/30 Random Split","No","No","Subject to spatial autocorrelation leakage; cannot model dynamic fire weather changes.","Our system evaluates on strictly prospective chronological splits with dynamic ERA5 multi-timescale meteorological drivers."
"Our Proposed Baseline System (Mini Project)",2026,"India (National)","VIIRS 375m, ERA5-Land, Survey of India Boundary","Fire Occurrence at Reference Time T","Meteorology (1d/3d/7d), Spatial coordinates, Temporal cyclical","HistGradientBoostingClassifier, Baselines (LR, RF)","Synchronous Reference Time T","Chronological (2018-2022 train, 2023 val, 2024-2025 test) + Spatial Blocks","PR-AUC, ROC-AUC, Precision, Recall, F1","0.1-degree Grid Cells","Observational correlation; 1:1 case-control design; satellite overpass revisit timing","Establishes an authoritative, reproducible 31-feature baseline quantifying the predictive signal of meteorology vs. spatial location across India."
